query,answer,gt_sources,start_candidates
"Among the demographic segment spanning the fourth decade of life, during the year defined by a younger demographic unemployment rate of a proportion slightly below one-fifth, did preference for a confectionery item known for its two-finger structure rank lower than the fourth position?",Yes,"[""test_000820"", ""test_001188""]",Age Group 35-44
"In the year that a platform for ephemeral content sharing first surpassed a preference level exceeding one tenth among a younger demographic in a large North American country, what was the dominant land use classification for fire alerts in the maritime nation bordering the body of water west of Asia?",outside concessions,"[""test_001206"", ""test_001357""]",Snapchat
"Among the demographic cohort representing approximately one-fifth of the total populace and demonstrating interactive digital entertainment engagement exceeding eight out of ten, is the growth trajectory for essential health resource allocation greater than that for staple food acquisition?","Yes, the medical spending increase (47%) exceeds the grocery spending increase (20%) for this demographic group.","[""test_001096"", ""test_000886"", ""test_000993"", ""test_000652""]",Gen Z
"Among nations in North America that share a land border with the a large North American nation and have a Pacific coastline, does the country exhibit a negative perception of a major global diplomatic organization, alongside low penetration of electric vehicles in the automotive sector and a high concentration of financial resources among the top one share of earners?","Yes. The nation shows a negative perception of the United Nations (27% unfavorable), low adoption of electric vehicles (0.0% market share in 2017), and high concentration of wealth among the top 1% (38.2% of total wealth for the top 1% in 2016).","[""test_001229"", ""test_001782"", ""test_000482""]",Mexico
"Among Western European nations that achieved a top-three position in a global health security assessment conducted in the year prior to the pandemic, did the nation with the third-highest adoption rate of battery-powered personal transportation during a late-2010s period also have a majority of its population expressing the highest level of endorsement for legal recognition of relationships between individuals of the same gender?",Yes,"[""test_001782"", ""test_001914"", ""test_001670"", ""test_000600""]",Netherlands
"Among those in a continental nation with a federal republic system who consider spiritual belief fundamental to ethical conduct, does the degree of apprehension about perceived institutional overextension in the highest court exceed the level of wariness toward the central financial regulatory entity, and how does this compare with perspectives on international military aid during the period of heightened global instability?",The degree of apprehension about perceived institutional overextension in the highest court (25%) does not exceed the level of wariness toward the central financial regulatory entity (37%). The perspective on international military aid (31%) falls between these two values.,"[""test_001754"", ""test_001361"", ""test_001724"", ""test_000642"", ""test_001828""]",Total U.S. Adults
"Among years coinciding with the US presidential election and featuring environmental alerts in a Southeast Asian nation known for palm oil production predominantly linked to land use outside commercial concessions, does the region encompassing East Asia, Southeast Asia, and Oceania exhibit both a substantial upward shift in tourism's contribution to global economic output over the preceding sixteen years and a notable growth trajectory in professional development program registrations during the global health crisis year?","Yes, the Asia Pacific region's tourism contribution to global GDP increased by 10.0 percentage points from 2000 to 2016, and professional development program sign-ups showed a significant surge in 2020 compared to 2019.","[""test_001357"", ""test_001039"", ""test_001430""]",Philadelphia County
"Among years when the initial quarter recorded a rise of more than four-fifths in incidents targeting a specific ethnic and religious minority compared to the same quarter of the prior year, and which followed a year with a one-third annual increase in the total national incident count, did the trajectory of fatalities due to unintentional drug overdoses in a major Pacific Northwest county during that year, and the pattern of post-harvest field burning events in a northern South Asian state during the immediately following year, both exhibit an upward trajectory?","No, while the unintentional overdose fatalities in King County, WA showed an upward trajectory during 2017, the stubble burning episodes in Haryana decreased in 2018.","[""test_000495"", ""test_001452"", ""test_000092""]","King County, WA"
"Among the younger demographic in a large North American nation, during the two-year period that was noted for a marginal decline in caloric intake from a common sweetener, did the platform primarily used for temporary visual updates gain more ground than the service focused on brief text-based posts?","Yes, Snapchat increased from 11% to approximately 35% (a 24-point gain) while Twitter decreased from 21% to about 15% (a 6-point decline) between 2015 and 2016 within the specified timeframe.","[""test_000602"", ""test_001191""]",Snapchat
"Among sovereign entities with a fragmented landmass exceeding 17,000 islands and demographic scale above 250 million, does a predominant positive evaluation of a major global diplomatic institution align with substantial parental expectations regarding international higher education cost premiums, while simultaneously featuring a domestically developed digital innovation enterprise that secured venture capital at the highest disclosed funding tier?","Yes. In Indonesia (the Southeast Asian archipelago nation), 67% of the population holds a favorable view of the UN (a majority positive evaluation), parents expect a 289 percentage point cost gap for international university education (substantial premium), and Gojek (a domestically developed digital innovation enterprise) received over $1 billion in venture funding (highest disclosed tier).","[""test_001228"", ""test_001437"", ""test_000168""]",Indonesia
"Among nations that experienced disruption of legislative sessions during the global health crisis of the early 2020s and also witnessed a substantial increase in the population living on minimal daily income during the same period, did the current level of government expenditure on agricultural development correspond to a point in time approximately fourteen years before the most populous East Asian nation reached that same level?","Yes, the nation meeting these conditions had a current agricultural spending level that was last matched by China 14 years prior.","[""test_000552"", ""test_001549"", ""test_001936"", ""test_000465""]",India
"Among a large western state on the Pacific coast that encountered a series of devastating wildfires in a major wine-producing region during a late-2010s year and recorded a children's dental health indicator exceeding half for the younger demographic cohort in that same period, what was the workforce engagement proportion in the early 2020s?",62%,"[""test_000044"", ""test_000497"", ""test_001667""]",California
"Among nations in Western Europe with significant maritime heritage that positioned within the highest quartile of measured capacity for health emergency response before the onset of a worldwide health disruption, does the aggregate positive perception metric concerning social inclusion policies demonstrate alignment with business operations experiencing financial deficits, while simultaneously maintaining a discernible footprint in the adoption of battery-powered transportation alternatives?","The nation ranked 3rd (75.6) in pandemic preparedness, showed 89% aggregate positive perception on social inclusion, had business operations with financial losses, and maintained a 2.7% share in battery-powered transportation adoption.","[""test_000166"", ""test_001914"", ""test_001670"", ""test_000600"", ""test_001782""]",Netherlands
"Among major Canadian cities with significant technology sector expansion and modest labor compensation, does the one classified as having housing market valuation exceeding stability thresholds also demonstrate a positive trajectory in labor market participation metrics when measured from a baseline established early in the second decade of the 21st century?","Yes, the city demonstrates a positive trajectory in labor market participation metrics, with employment levels showing consistent growth from the baseline period through the most recent available data.","[""test_001572"", ""test_001753"", ""test_001830""]",Toronto
"Among operational metrics tracked monthly across different sectors, does the final month of the calendar year consistently exhibit relatively high business performance alongside relatively low public service workload and mixed infrastructure reliability patterns?","Yes. The final month shows peak business performance (cumulative sales), the second-lowest public service workload (state executive work hours), and mixed infrastructure reliability (two rail lines show improved electrical reliability while one shows deterioration).","[""test_000119"", ""test_000862"", ""test_000403""]",December
"During the period of a global health emergency, did the dominant conservative political party in the nation with the largest economy in North America demonstrate a pattern of higher activity in references to a populous continent on online public discussion platforms and in voter participation in a key electoral state compared to the major progressive political party, consistent with the conservative party's historical pattern of executive administrative actions?","Yes, during the global health emergency period, the conservative political party exhibited both a higher volume of references to Asia on social media platforms and higher voter turnout in Florida compared to the progressive party, which aligns with their historically higher rate of executive orders per day than the opposing party.","[""test_000853"", ""test_000303"", ""test_001215""]",Republican
"Among the years when cross-border online transaction patterns were measured in a major European economic and political union, did the trade volume of a food category encompassing both unprocessed and processed plant-based items from a South Pacific island nation with significant agricultural exports exhibit an upward trajectory from the initial documentation year to the period following a substantial environmental disturbance in a major southern ocean basin?","Yes, the trade volume increased between the initial documentation year (2012) and the year following the environmental disturbance (2017), as shown by the growing contribution of this category in the nation's export data.","[""test_000039"", ""test_001357"", ""test_001769""]",Fruit and vegetables
"Among urban centers classified as having high vulnerability to market correction due to overvaluation in a global residential property assessment conducted during the year following the global health crisis onset, and that also host a technology sector characterized by rapid expansion and relatively low operational expenses, did the second-ranked location exhibit a residential property value pattern featuring a significant upward shift in value followed by a downward shift in value during the interval from the final month of the prior decade to the conclusion of the fourth year of the global health crisis?",Yes,"[""test_001572"", ""test_001753"", ""test_001925""]",Toronto
"Among the population of a low-lying European nation with extensive water management systems, which also exhibits a relatively high positive perception of a global diplomatic organization and a small proportion of new vehicle sales being electric, does the perception of stable international standing exceed the aggregate resistance level to legal recognition of same-sex partnerships?","Yes, the perception of stable international standing (60%) exceeds the aggregate resistance level (10%) for legal recognition of same-sex partnerships in this nation.","[""test_000852"", ""test_001914"", ""test_000990"", ""test_001229""]",Netherlands
"Among financial years of a Southeast Asian city-state's betting sector ending in spring that preceded a period of significant domestic currency depreciation in a western African nation, did the financial inflow from competitive equestrian events show a downward shift relative to the prior financial year?","Yes, it decreased from 1.57 billion to 1.55 billion dollars.","[""test_001945"", ""test_001245""]",Horse racing
"Among communities in a large landmass spanning tropical to temperate zones in the Western Hemisphere, does the observable imbalance in household responsibility distribution correlate with persistent economic stratification patterns, when also examining the region's role in long-term environmental impact from the mid-20th century onward?","Yes, South American countries show women spending 2.5x more time in unpaid care work than men, while economic inequality data from Argentina shows significant income ratio disparities, and the region has contributed to global CO2 emissions growth from 1950-2022.","[""test_001535"", ""test_001105"", ""test_000596""]",South America
"Among constitutional monarchies in Northwestern Europe that secured a position within the highest readiness tier for public health emergencies before the onset of the global health crisis, did those with a dominant societal consensus regarding progressive domestic policy shifts also exhibit a distinct pattern in the adoption trajectory of zero-emission personal mobility solutions?","The nation in question achieved the third position in health emergency readiness metrics (75.6 capability index), demonstrated high societal acceptance of social reforms (89% total positive perception), and maintained a 2.7% adoption rate for electric-powered transportation.","[""test_000600"", ""test_001914"", ""test_001782""]",Netherlands
"Among years when a large North American country with a federal system experienced a labor market condition affecting one in four of the younger demographic, what was the corresponding proportion of households characterized by a female head of household without a spouse but with other relatives, and how did the monetary worth of business transactions in the world's most populous nation in East Asia change over the subsequent two years?",The corresponding proportion was 13.1 percent. The monetary worth of business transactions increased from $49.9 billion to $57.2 billion.,"[""test_000820"", ""test_000140"", ""test_001585""]",Year 2010
"Among polities that joined a major European economic integration initiative after its foundational phase, did the nation formerly under Soviet geopolitical influence that encountered constraints on public assembly during the recent global health emergency also demonstrate a consistent perception of its international standing in a major cross-national public opinion assessment?",Yes,"[""test_000662"", ""test_001071"", ""test_000852""]",Territory Added
"Among the main progressive political party in the North American nation with a presidential system of government, does the average daily issuance rate of administrative directives correlate with the volume of online communications in the year immediately before the global health crisis began, and does the time spent on official duties by a state executive in the final month of a year in the early 2010s exceed the annual average for that year?","No, the average daily issuance rate of administrative directives (0.2 per day) does not correlate with the volume of online communications (7,900) in the year immediately before the global health crisis began. Additionally, the time spent on official duties in the final month of the year in the early 2010s (120 hours) does not exceed the annual average (149.6 hours) for that year.","[""test_001215"", ""test_000853"", ""test_000862""]",Democratic Party
"Among years when the highest cinematic honor was awarded to a film depicting a deaf family, did the regulatory framework for commercial transactions predominantly involve conditions that were actively applied, and did the monetary contribution of minimally processed agricultural goods from a South Pacific island nation with a significant agricultural export sector exhibit an upward trajectory compared to the previous year?","No for the regulatory condition (43% of transactions used these conditions, below majority threshold), but yes for the export trend (value increased from the prior year).","[""test_001769"", ""test_000016"", ""test_001530""]",Fruit and vegetables
"Among financial institutions announcing significant earnings adjustments during the Northern Hemisphere mid-year period preceding widespread California wildfire events, did the proportional reallocation toward non-collateralized credit instruments coincide with a declining movement in an internationally traded agricultural commodity valuation metric?","Yes, the shift toward unsecured lending (credit cards increasing from 59% to 67% of portfolio) occurred simultaneously with a negative percentage change in the Global Dairy Trade Price Index during June 2017.","[""test_001871"", ""test_000517"", ""test_000044""]",% change in GDT Price Index from previous event (RHS)
"Among a former British territory in East Asia functioning as a global financial hub, during the pandemic-era period, did the following conditions co-occur: a significant risk assessment for the local residential property market, an underestimation of international tertiary education costs by families, and the presence of a prominent platform facilitating on-demand delivery services?",Yes,"[""test_001566"", ""test_001572"", ""test_000527""]",Hong Kong
"Among a Nordic nation with high social welfare standards that maintains a consistent perspective on its international standing, does a strong positive assessment of a global diplomatic organization correlate with broad societal acceptance of legal recognition for same-gender partnerships?","Yes, the nation shows 66% maintaining a consistent perspective on global influence, 81% positive assessment of the UN, and 92% total favor for same-sex marriage recognition.","[""test_000852"", ""test_001228"", ""test_001914""]",Sweden
"Among the demographic cohort that consistently identifies with right-leaning political views, as measured in the first data collection period of the year following the pandemic's initial wave, did the same cohort, in a subsequent survey conducted during the final months of that same year, express the most frequent view that the nation's international assistance to a European country under invasion is excessive?","Yes, 48% of the right-leaning political cohort expressed that the United States' international assistance to Ukraine was excessive in the November-December 2023 survey, which was the highest category among all response options for that demographic segment.","[""test_001788"", ""test_001007""]",Total U.S. Adults
"Among a North Atlantic island nation and its eastern neighbor, did the pattern of regional divergence in digital marketplace participation for leisure services during an early 2010s year correlate with the relative health outcomes observed at a specific summer data point during the global health crisis?","Yes. The North Atlantic island nation (Ireland) had a lower level of digital marketplace participation for leisure services (43% compared to 51% for the eastern neighbor) in 2013. On 8 August 2020, it also recorded a lower level of new confirmed cases per million (approximately 200 vs 400) than the eastern neighbor.","[""test_000037"", ""test_000488"", ""test_001428""]",Ireland
"Among the permanent members of the primary international body responsible for maintaining global peace, does the nation that is an island in Europe and was the seat of a global empire in the 19th century exhibit a downward economic trajectory following a major recession, a public perception that international standing has remained unchanged, and a predominant positive perception on marriage equality for same-gender couples?",Yes,"[""test_000759"", ""test_001867"", ""test_001914""]",United Kingdom
"Among countries in a major Eastern Hemisphere landmass identified as having high exposure to environmental hazards and demonstrating a moderate degree of endorsement for legal validation of same-sex partnerships in a global survey, does any nation's entrepreneurial sector include an online retail company with venture capital backing that has reached a significant capital raise threshold?","Yes, India meets all criteria with Jio (a digital commerce entity) having secured over $1 billion in equity funding.","[""test_000614"", ""test_001914"", ""test_000168""]",Asia
"During a period when a platform focused on temporary content sharing demonstrated a notable upward trajectory in preference among the younger demographic in North America, did a large Southeast Asian archipelago nation record a year-over-year downward shift in fire coverage, and was a neighboring city-state's housing market classified as having an elevated valuation status in the subsequent decade?","Yes. In 2016 (specifically by Sep'16), Snapchat's preference among US teens rose significantly (from 11% in 2015 to 47% by 2017). Indonesia experienced reduced fire coverage in 2016 compared to 2015, with 60% of fire alerts occurring outside concessions. Singapore's real estate market had an overvalued status (0.52) in the 2021 UBS Global Real Estate Bubble Index.","[""test_000602"", ""test_000251"", ""test_001572""]",2016
"Among port cities in a large island nation that is also a continent, for the urban center where energy expenditure per unit reached a local maximum during a period shortly before the global health crisis, did the average waiting time for maritime vessels exhibit an upward trajectory over the subsequent two financial years that was consistent with the national pattern?",Yes,"[""test_001879"", ""test_001386""]",Adelaide
"Among the export category encompassing living biological transport, what was the measurement for regulatory compliance in full ownership transfers during the period after the year marking the conclusion of the warmest recorded decade relative to pre-industrial baselines?",43,"[""test_001769"", ""test_001529"", ""test_000016""]",Meat
"Among nations that together account for over half of global carbon emissions and underwent governmental interference with electoral processes during the global health crisis period, does the historical gap in key societal development benchmarks between that nation and its more populous neighbor exceed six decades while the sector providing nationwide communication infrastructure secured venture capital investment at the highest disclosed tier?","Yes. The nation in question is one of the top three global carbon emitters, experienced electoral disruption during the pandemic period, has a 65-year time difference in life expectancy compared to its larger neighbor, and the leading telecommunications provider received over $1,000 million in venture capital funding.","[""test_000596"", ""test_001071"", ""test_000465"", ""test_000168""]",India
"Among the top nine nations serving as primary destinations for international adoption during the period spanning the turn of the millennium, which country that also demonstrated substantial annual venture capital investment expansion and maintained a high visitor-to-resident ratio exhibited the strongest collective endorsement for marriage equality?",Spain,"[""test_001394"", ""test_001381"", ""test_001045"", ""test_001914""]",Spain
"Among the population of a federal republic in North America during a year in the early 2020s when a notable share perceived the nation's international assistance to a European nation experiencing a military conflict as excessively generous, did the ambivalence regarding imposing restrictions on a popular short-form video application in the initial survey period exceed the share expressing this view of excessive foreign engagement, and did this ambivalence exhibit an upward shift in the subsequent months?","No, the initial ambivalence (28%) did not exceed the share expressing excessive foreign engagement (31%), and the ambivalence increased from 28% to 35% in the subsequent months.","[""test_001754"", ""test_001014""]",Total U.S. Adults
"Among European nations with a Mediterranean coastline and EU membership, when compared to their northern neighbor with a more substantial technology venture ecosystem, is there both a higher prevalence of a downward shift in international standing perception and a lower prevalence of resistance to legal recognition of same-gender unions?","Yes, the nation (Spain) has 37% perceiving a downward shift in international standing compared to 22% in its northern neighbor (Germany), and 10% resistance to legal recognition of same-gender unions compared to 18% in Germany.","[""test_000135"", ""test_000852"", ""test_001914""]",Spain
"Among a pair of English-speaking constitutional monarchies, one located in the Southern Hemisphere and the other in North America, during the year immediately preceding the global health crisis, does the nation exhibiting the more pronounced upward shift in residential property valuation also demonstrate a greater magnitude of domestic financial obligations relative to income, and which fossil fuel constitutes the largest share of the domestic energy mix in the southern nation?","No, the North American nation exhibited a stronger upward trajectory in residential property valuation while the Southern Hemisphere nation showed higher domestic financial obligations relative to income; oil constitutes the largest share of the domestic energy mix in the southern nation.","[""test_000086"", ""test_001301"", ""test_001398""]",Australia
"During the mid-2010s, a major company providing on-demand urban mobility solutions, headquartered in a Southeast Asian city-state, secured venture capital funding exceeding one billion US dollars. In the same period, what primary category of territorial designation was linked to the majority of fire notifications in the immediately neighboring maritime nation?",Outside concessions,"[""test_000168"", ""test_001357""]",2015
"Among geographic regions where a major international news outlet reported a monthly readership below the million threshold during the latter half of the pandemic year, and where societal division of caregiving roles exceeded a four-fold disparity in at least one constituent nation, did any government assessed as having partial political freedoms in the preceding year experience disruption to electoral processes?",Yes,"[""test_000995"", ""test_001441"", ""test_001535"", ""test_001072""]",South America
"Among voters aligned with the conservative party, does the downward shift in willingness to ascribe a major role to the national government in poverty alleviation as income levels rise accompany a widespread perception of minimal personal importance concerning the gender of the chief executive and a low incidence of undecided responses regarding limiting access to a platform for sharing brief video content?","Yes, the data shows a consistent downward trajectory in government intervention support across income brackets for poverty issues among conservative-aligned voters, while simultaneously 86% express minimal personal significance regarding presidential gender and only 21% remain undecided about restricting access to short-form video platforms.","[""test_001006"", ""test_001016"", ""test_001788""]",Rep/Lean Rep
"During the period two years after the global financial crisis, in the year when the private investment sector recorded a specific aggregate monetary value of transactions, did the proportion of deaths attributed to a neurological condition caused by impaired blood flow to the brain exceed that for a pulmonary condition not resulting from infectious agents, and did the housing market for temporary residence in a major European island nation during the subsequent years exhibit a seasonal peak in the early autumn months?","Yes, the death rate for cerebrovascular disease (106.9 per 100,000) exceeded that for noninfectious air diseases (44.6 per 100,000) in 2010, and UK rental market data shows peaks in September (autumn) across 2012-2015.","[""test_000555"", ""test_000548"", ""test_001636""]",Year 2010
"Among nations in Central Europe that maintained full democratic governance prior to the global health emergency and later implemented constraints on public gatherings and information dissemination channels during the crisis, does a prevalent assessment of significant security vulnerability from a nearby state align with a predominant inclination toward strategic partnership with a North American global power rather than an alternative continental power?","Yes, the evidence shows a strong correlation where 77% of respondents in the specified nation perceived a major security threat from the neighboring country while 76% expressed preference for strategic alignment with the North American power.","[""test_001481"", ""test_000552"", ""test_000156"", ""test_001072"", ""test_001071""]",Poland
"Among countries that are part of a cluster of nations sharing a common linguistic and cultural heritage in the northern part of the continent, which one had the highest proportion of women in its legislative body in the year preceding the global health crisis, along with near-universal coverage of state-provided health insurance by the mid-20th century, and also exhibited a very low level of societal resistance to legal recognition of same-sex unions in the years following the global health crisis?",Sweden,"[""test_001914"", ""test_001609"", ""test_000664""]",Sweden
"Among a Southeast Asian archipelago nation during a mid-2010s year, when uncontrolled combustion events were more widespread than the previous year and the predominant land use category for such events was outside corporate concessions, what was the concentration of wealth among the highest earners?",49.3%,"[""test_001356"", ""test_000482""]",2016
"Among urban centers classified as high-risk in a major financial institution's housing market instability assessment from the early 2020s, does the metropolitan area demonstrating rapid technology sector expansion alongside reduced operational expenses exhibit a pattern where the initial upward trajectory during a global health emergency significantly exceeded the following downward shift?","Yes, the city experienced a 49% growth from December 2019 to the market peak followed by a 15% decline from the peak to December 2023, making the initial growth more than three times the subsequent decline.","[""test_000017"", ""test_001468"", ""test_001925"", ""test_000019""]",Toronto
"In a Southeast Asian nation with a majority Muslim population and history of British colonial rule, does a moderate level of public confidence in innovative engineering and digital output correspond to a high extent of parental expectation of additional financial burden for overseas higher education, while also being associated with a perception of downward shift in global standing?","Yes. 38% of adults rate technological achievements as best/above average (moderate), the perceived cost gap is 338 percentage points (indicating high parental willingness to pay extra), and 28% of the public perceive the nation's global influence as getting weaker.","[""test_001619"", ""test_001437"", ""test_001867""]",Malaysia
"Among nations in Western Europe with advanced industrial sectors that also appear as regions in a commercial performance summary, what was the predominant direction of intergenerational support flow during the early autumn months of the early 2010s, when a government official recorded the least time spent on duties?",The predominant direction was from parents to adult children.,"[""test_000862"", ""test_001036"", ""test_000232""]",September
"Among metropolitan areas that achieved top-tier ranking in the latest global real estate bubble assessment while simultaneously demonstrating robust expansion in digital infrastructure employment with cost-competitive compensation structures, did the core urban zone exhibit a reduced magnitude of initial valuation acceleration relative to the wider administrative territory during the onset period of the worldwide health emergency?","Yes. Toronto (the city in question) showed 49% home price growth from December 2019 to the market peak, which was lower than the 71% growth in the rest of Ontario province, while ranking second in the 2021 UBS Global Real Estate Bubble Index with a score of 2.02 indicating high bubble risk.","[""test_001925"", ""test_001572"", ""test_000592""]",Toronto
"Among locations within a densely populated corridor along the eastern seaboard of North America that serve as major financial centers and host rapidly expanding technology sectors with elevated operational expenses, does the housing valuation metric from a prominent Swiss financial institution indicate a risk level below the threshold where significant market correction is typically anticipated, and does this pattern align with the regional demographic trend of delayed significant personal commitments?","Yes, the location in question shows a housing valuation metric of 0.54, which falls below the 1.5 threshold indicating bubble risk, and this aligns with the regional demographic pattern where states in this corridor exhibit above-average median ages for significant personal commitments.","[""test_001572"", ""test_001753"", ""test_001761""]",New York
"Among members of the demographic cohort born between the mid-1960s and early 1980s in the nation with the world's largest economy, which maintained a population size of approximately three-quarters of a million during the early 1990s and recently experienced substantial expansion in expenditures on social gatherings, what was the level of participation in interactive digital entertainment?",63 percent,"[""test_000993"", ""test_001096"", ""test_001458""]",Gen Xer
"Among individuals expressing alignment with right-leaning political perspectives, does the socioeconomic stratification correlate with divergence in perceived necessity of state intervention in economic security matters, and how does this pattern of ideological variation compare with the overall distribution of perspectives on whether faith in a supreme being constitutes a prerequisite for ethical conduct?","Among voters aligned with right-leaning political perspectives, those with lower socioeconomic standing demonstrate a significantly higher proportion supporting state intervention in economic security matters (74% vs 56% for strengthening the economy, 53% vs 24% for poverty alleviation across income brackets). This pattern of ideological variation contrasts with the overall moral perspective distribution, where 59% of right-leaning political affiliates indicate that belief in a supreme being is not necessary for ethical conduct, while 40% consider it essential.","[""test_001006"", ""test_000846""]",Rep/Lean Rep
"Among the demographic segment defined by female gender and absence of post-secondary academic credentials, does the level of adverse perception toward a prominent public official exceed that of the formally enrolled electoral cohort, and is this disparity maintained when examining the stance of individuals unaffiliated with dominant political blocs?","The adverse perception does not exceed that of the formally enrolled electoral cohort (both at 40%), but the unaffiliated demographic segment exhibits a lower level (35%).","[""test_001152"", ""test_000057"", ""test_001151""]",Negative Favorability
"During the pandemic period, when new hospitalizations in a country spanning the continent from Atlantic to Pacific were exhibiting an upward trajectory in autumn months, did a subnational administrative region characterized by sparse population distribution and earlier marital union formation experience a greater magnitude of upward shift in food insecurity compared to the overall national average for that country?","Yes, the state of Texas experienced a 39.8% increase in food insecurity during November 11-23 (2020), which exceeded the national average increase of 35.3% for the same period.","[""test_000721"", ""test_001888"", ""test_000417""]",United States
"Among urban centers that ranked highly in a public author tracking project's favorites metric and exhibited significant real estate market vulnerability, do they fall within the segment characterized by rapid technological job expansion and elevated wage levels?","Yes, the city that meets these criteria (Toronto) is classified in the high growth and high cost segment.","[""test_000266"", ""test_000017"", ""test_000139""]",Top Cities by Favorites
"Among urban centers in the continent containing the Great Lakes region that demonstrate rapid technology sector employment expansion with relatively modest compensation levels, does the residential real estate sector exhibit both a substantial upward valuation shift from the pre-crisis period to the highest valuation point and a subsequent downward trajectory, while also being assessed as having significant instability by a major financial institution's metric?",Yes,"[""test_001753"", ""test_001572"", ""test_000019""]",Toronto
"Among a Western European nation that achieved the third-highest score in a global health security assessment conducted just prior to the worldwide health emergency, does the proportion of the population with a negative perception of a major international diplomatic organization exceed the fraction viewing the nation's own global influence as diminishing, while also maintaining a high level of strong endorsement for legal recognition of same-sex unions?","Yes, the Netherlands had 26% negative perception of the UN and 19% viewing its global influence as diminishing, with 62% strong endorsement for same-sex marriage.","[""test_000600"", ""test_001228"", ""test_000852"", ""test_001914""]",Netherlands
"Among democratic nations across distinct continents, during a year in the latter half of the 2010s when a major electoral contest occurred in a large South Asian democracy, did the opening quarter in a North American federal republic demonstrate a substantial upward shift in incidents targeting a religious minority with historical roots in the Levant, while the same year in a region within a European constitutional monarchy exhibited a growth trajectory in prejudice-motivated events, and did the electoral outcome reveal a divergence in voter alignment based on settlement patterns?",Yes,"[""test_000495"", ""test_000202"", ""test_000506"", ""test_001827""]",2017
"Did the year before the pandemic period include both a cinematic release with an extended runtime compared to its series predecessors and a higher volume of social media references to a major eastern continent by the center-left political faction compared to the pandemic year, and was there also a date in the autumn of the pandemic year when this faction's early voting turnout was lower than the opposing faction in a state with a significant elderly population that is often pivotal in national elections?",Yes,"[""test_001661"", ""test_000303"", ""test_001719""]",Democrat
"Among island nations in the South Pacific archipelago exhibiting a pronounced imbalance in uncompensated household responsibility allocation, which one simultaneously demonstrates financial viability in commercial discount strategy assessment and maintains the smallest monthly reach among premier audience segments for a prominent global news provider?",New Zealand,"[""test_001535"", ""test_000166"", ""test_000995""]",Oceania
"Among societies with substantial per capita financial resources within the world's most expansive landmass, does the nation operating under an imperial governance structure exhibit a significant discrepancy between its economic prosperity and societal receptiveness to non-traditional partnership frameworks?","Yes, the nation in question (Japan) shows $197.6K average wealth per person while maintaining 26% combined opposition to legal recognition of same-sex marriage, indicating a moderate level of social resistance despite high economic development.","[""test_001364"", ""test_001914"", ""test_000995""]",Asia
"Among sovereign states categorized as having constrained political freedoms that experienced simultaneous limitations on legislative functionality and press freedoms during a worldwide health emergency, did the per-person greenhouse gas outputs in the year preceding a contentious transatlantic electoral transition fall below the collective average of a continental economic integration organization, while international agricultural pricing metrics showed notable volatility in the preceding decade?","Yes. The nation in question had per-person greenhouse gas outputs of 4.5 metric tons in the specified year, which was below the 7.7 metric tons average of the European economic bloc. The World Bank data shows significant volatility in agricultural commodity pricing during the decade prior to the reference year.","[""test_000109"", ""test_000902"", ""test_001071""]",Turkey
"Among nations with extensive coastal regions in Western Europe that ranked highly in pre-2020 health security assessments, did those with predominant views of stable global influence demonstrate notably higher endorsement of relationship recognition reforms compared to the worldwide median?","The Netherlands ranked third in pandemic preparedness with a score of 75.6, had 60% of its population perceiving stable global influence, and demonstrated 89% support for legal same-sex marriage, which was significantly above the global median of approximately 67% across surveyed nations.","[""test_000600"", ""test_000852"", ""test_001914""]",Netherlands
"Among nations positioned in the upper quartile of comprehensive environmental performance metrics that also demonstrate over 90% collective endorsement for legal recognition of partnerships between individuals of the same gender, does the share holding positive perceptions of the principal global diplomatic organization surpass the central tendency observed across all surveyed polities?","Yes, the Scandinavian nation with a sustainability score of 74.42 demonstrates 92% total endorsement for partnership recognition between same-gender individuals and 81% positive perception of the international diplomatic body, exceeding the 24-nation median of 63%.","[""test_001228"", ""test_001914"", ""test_000756""]",Sweden
"Among energy sources used for electricity generation in a large North American nation during a mid-2010s year, did a source that was among the two largest contributors in the national grid also rank first in the energy consumption breakdown of a major social media platform's operations in the same year?","No, because the top two sources in the national grid (coal and natural gas, each at 33%) were not the top source in the social media platform's operations, where clean and renewable energy held the highest proportion (35%).","[""test_000774"", ""test_001503"", ""test_000699""]",Petroleum
"Among governments classified as having full political rights and civil liberties in the central European region, does the implementation of measures such as restrictions on public assembly and detentions during the global health crisis period beginning in early 2020 coincide with a majority population view of a significant military threat from a large eastern neighbor?","Yes. Poland was classified as having full democratic freedoms, implemented restrictions on public assembly and detentions during the pandemic, and 77% of its population perceived Russia as a major military threat.","[""test_000552"", ""test_000156""]",Poland
"Among a large state on the Pacific coast of North America that had a youth suicide rate below the average across the broader region during the initial two-year observation window and that experienced a significant wildfire event in the latter part of the 2010s, did the proportion of school-aged children with dental decay exceed two-thirds in the middle years of the 2010s?",Yes,"[""test_001560"", ""test_000044"", ""test_001107"", ""test_000497""]",California
"Among a nation in the South Asian region that maintained full political rights and civil liberties while simultaneously implementing constraints on independent journalism during the period of widespread global health emergency and lockdown measures, did the lowest socioeconomic demographic experience a substantial population expansion?","Yes, the lowest income tier (living on $2 or less daily) expanded by 75 million people during the 2020 global recession.","[""test_001071"", ""test_000552"", ""test_001549""]",India
"Among the mid-2010s years marked by a swift escalation in preference for a visual-first ephemeral communication service among the youth cohort in a dominant North American economic power, did the principal monetary unit of a significant West African state undergo a pronounced downward value trajectory, while simultaneously a maritime Southeast nation with extensive island chains reported a substantial majority of wildfire alerts originating beyond formally allocated land parcels?",Yes,"[""test_001207"", ""test_001945"", ""test_001356""]",2015
"Among members of the demographic cohort between childhood and adulthood in the nation sharing borders with both Canada and Mexico, following a period of significant growth in adoption of a social platform known for ephemeral messaging and disappearing content during the mid-2010s, does the proportion using this platform in the most recent year for which comprehensive survey data was available exceed twice the active user fraction for the same platform observed globally in the late 2010s?","Yes, the 60% usage rate among U.S. teens in 2023 exceeded twice the 24% active user rate observed globally in 2018.","[""test_000602"", ""test_001004"", ""test_001476""]",Snapchat
"Among nations classified as having minimal political liberties during a global health emergency, which also implemented both restrictions on legislative gatherings and prohibitions on public demonstrations, and which were among the major historical contributors to atmospheric carbon accumulation, what was the documented count of decommissioned strategic armaments for that nation in the year the health crisis was declared?",2060,"[""test_000552"", ""test_001072"", ""test_000596"", ""test_000808""]",Russia
"Among nations that were primary contributors to industrial output driving atmospheric changes during the early post-World War II reconstruction phase, maintained the second-largest inventory of deployed strategic deterrence systems in the opening years of the current decade, and were categorized as having constrained civic liberties during the global health crisis, did governing authorities implement limitations on collective citizen gatherings and employ disproportionate enforcement actions?",Yes,"[""test_000596"", ""test_000808"", ""test_000552"", ""test_001071""]",Russia
"Among continental landmasses that established family connections with a Central American territory known for its pre-Columbian civilizations, did regions exhibiting reductions in international child placement also demonstrate modifications in revenue streams from recreational mobility sectors, and what is the relationship with resource conservation metrics?","Yes, the northern continental landmass of the Western Hemisphere experienced a 2 percentage point decline in tourism contribution while maintaining resource conservation metrics of approximately 44.58%.","[""test_001394"", ""test_001039"", ""test_001728""]",North America
"Following a period of heightened social safety net utilization coinciding with a severe global economic contraction (as indicated by a declining trend in welfare program participation concluding at the final recorded data point), did the household debt trajectory relative to disposable income in a continent-sized Southern Hemisphere nation continue its upward shift while residential property transaction volumes in a northeastern state of a transcontinental North American nation remained below the pre-downturn peak level?",Yes,"[""test_000769"", ""test_001301"", ""test_001612""]",Year
"Among nations contributing to international aid at a second-tier level during the four decades prior to the mid-2010s, does the leading donor in that category exhibit a greater share of positive perception toward the legal recognition of same-gender unions than the European country ranking second in contribution volume within the same aid tier?","Yes. The leading second-tier donor (Germany) shows 80% positive perception, while the second-ranked European contributor (United Kingdom) shows 74% positive perception.","[""test_001171"", ""test_001170"", ""test_001914""]",United Kingdom
"Among the primary administrative divisions of a large democracy in South Asia that are not classified as union territories, does the jurisdiction with the highest average daily availability of a dairy product per resident in the most recent biennium also exhibit the highest count of agricultural residue burning incidents during the final year of the preceding decade?","Yes, the northern agricultural jurisdiction shows peak values in both metrics: 1,219 gm/day dairy availability and 102,379 burning incidents.","[""test_001632"", ""test_000489"", ""test_000092""]",Indian States
"Among a major conservative-aligned political faction in a nation with a presidential system that demonstrated the strongest positive perception for a nominee to the nation's highest judicial body during a period of heightened political division, does the faction's attribution of executive accountability for energy cost escalation also represent the dominant response pattern among political groupings in a parallel survey, and does this dominance in response align with the pattern observed among supporters of a regional political coalition in a nation in the southern part of Asia regarding a significant political incident in recent history?","Yes, the major conservative-aligned political faction (Republicans) showed the highest level of blame assignment to the executive branch for fuel price increases (33%) among political factions in the related survey, and the supporters of the regional political coalition (UF Supporters) showed the highest level of denial (63%) for the historical event, confirming both exhibited the dominant response pattern.","[""test_001152"", ""test_001659"", ""test_000040""]",Positive Favorability
"Among the years when a South Pacific island nation exported products derived from marine and bovine sources, did the phase of expansion in the customer base of a company specializing in wearable action cameras overlap with the year when the highest cinematic honor was bestowed upon a film that generated a substantially lower box office revenue than the top-grossing film of that year?","Yes, because 2021 falls within the subscriber growth period (2018-2022) for the wearable camera company and corresponds to the year when CODA won the Best Picture award with $2 million in revenue compared to Spider-Man: No Way Home's $1,912 million.","[""test_000512"", ""test_001530"", ""test_001769""]",Seafood and dairy produce
"During the year of the US presidential election, when the republic composed of over 17,000 islands experienced a downward shift in fire coverage compared to the prior year, and the neighboring nation with a federal constitutional monarchy had a minority of adults rating the political system as high quality or better, which social platform with ephemeral content achieved the highest preference level among the younger demographic in North America?",Snapchat,"[""test_001356"", ""test_001619"", ""test_000602""]",2016
"Among North American nations with a parliamentary system and a constitutional monarchy that experienced a positive economic rebound after a recession, does the national assessment of diminishing global influence correspond to the presence of a territory exhibiting the most substantial growth in long-term health condition prevalence?","Yes. The nation in question is Canada. The data shows that 30% of the population assessed the nation's global influence as weakening, and Yukon Territory exhibited the largest increase in disability prevalence (6.3 percentage points) from 2017 to 2022.","[""test_000759"", ""test_000852"", ""test_000559""]",Canada
"During the late summer and early autumn period of a mid-2010s year, did a Southeast Asian nation hosting a leading venture-backed technology company experience widespread fire incidents, while a neighboring country reported below-average performance in tertiary technical and scientific education?","Yes. In 2015, Indonesia (the Southeast Asian nation with Gojek) experienced significant fire coverage as shown in the land use alert data, while Malaysia (the neighboring country) had 12% of adults rating university STEM education as below average in the international science survey.","[""test_000168"", ""test_001357"", ""test_001619""]",2015
"Among a Central European nation with an early-established social insurance system, does the pattern where the retired demographic provides more monetary transfers to the currently employed demographic than they receive coincide with a positive trajectory in the broad measure of national economic activity and a relatively low level of accumulated household financial obligations?","Yes. The nation described is Germany, which showed 2.6% real GDP growth (positive trajectory), a 48% to 18% ratio of financial support from parents to adult children versus reverse flow, and the lowest household debt-to-disposable-income ratio among comparator nations in the late 2010s.","[""test_000759"", ""test_000232"", ""test_001301"", ""test_001609""]",Germany
"Among a Western European nation that is a founding member of the European Union and shares a maritime border with the British Isles, does the public sentiment regarding international standing show a pattern where decline perception outweighs societal resistance to gender-equal union recognition, while commercial operations maintain fiscal health?","Yes. The nation in question has 39% of its population perceiving declining global influence, which exceeds the 14% total opposition to same-sex marriage. Additionally, the commercial sector reports a profit of $332,749.74.","[""test_001036"", ""test_001867"", ""test_001914""]",France
"Among Central European nations with historical ties to the Austro-Hungarian Empire, does a significant proportion assessing a large Eurasian nation as non-threatening correlate with both a perception of declining international standing and a high visitor-to-resident ratio?","Yes, the nation shows 27% assessing the Eurasian power as non-threatening, 37% perceiving its global influence as weakening, and maintains a visitor-to-resident ratio of 5.39 with 84% tourist proportion.","[""test_001481"", ""test_001867"", ""test_001045""]",Hungary
"Among Western European nations with export-driven economies, did the demographic cohort's collective assessment of international standing strength correlate with financial outcomes from commercial operations when examined alongside shifts in perspectives regarding long-standing transcontinental partnerships during the period of global health emergency?","Germany showed 25% of residents perceiving its global influence as 'getting stronger' (chart 0), had a profit of $371,574.33 from commercial operations (chart 1), and 79% of residents viewed the transatlantic alliance negatively in 2020 (chart 5), indicating no direct correlation between self-perceived influence strength and partnership sentiment during the pandemic period.","[""test_000852"", ""test_001036"", ""test_000976""]",Germany
"Among periods in the early 2010s when the primary progressive political force in the dominant North American economy demonstrated significant legislative turnover, did consumer transaction patterns within the European economic integration bloc predominantly feature domestic vendor relationships?","Yes, in 2012, 60% of online purchases in the EU 28 were from national sellers while the U.S. Democratic Party had 40% of representatives not seeking re-election.","[""test_000856"", ""test_000039"", ""test_001153""]",Democrats
"Considering the Commonwealth nation in the Southern Hemisphere that had a positive perception of a major global diplomatic organization exceeding the median of all surveyed nations, did its adoption rate for zero-emission vehicles in the mid-2010s remain below 0.2%, and was this period followed by a year in which a northern Indian agricultural state documented over 9,000 instances of crop residue burning?","Yes. The nation (Australia) had a 64% favorable UN view (exceeding the 63% median), its EV adoption rate was 0.1% in 2017, and Haryana recorded 9,225 stubble burning episodes in 2018.","[""test_001228"", ""test_000990"", ""test_000092""]",Australia
"Among nations that experienced parliamentary session disruptions during the global health emergency beginning in early 2020, maintained minimal adoption of battery-powered personal transportation, and for which the dominant northern Asian economy achieved equivalent productivity per resident approximately thirteen years prior, what was the documented level of negative perception toward the principal global diplomatic body?",28,"[""test_000465"", ""test_000990"", ""test_001071"", ""test_001229""]",India
"Among urban centers exhibiting rapid technology sector expansion while maintaining competitive compensation structures, does the period encompassing the global health crisis show a correlation between housing market vulnerability exceeding the critical threshold and the magnitude of price fluctuations from pre-crisis levels through the post-crisis recovery phase?","Yes. The Canadian city in the Great Lakes region showed significant housing market vulnerability (2.02 on the UBS index, exceeding the 1.5 threshold) with substantial price fluctuations (49% increase from Dec 2019 to peak, followed by a 15% decrease to Dec 2023), while simultaneously being categorized as a high-growth, low-cost technology market with reduced personnel expenditure for technology sector employers.","[""test_001572"", ""test_000592"", ""test_001925""]",Toronto
"Among major North American cities categorized as having an upward trajectory in technology employment with competitive wage structures while simultaneously ranking highest in financial institution assessments of housing market overvaluation risk, did the residential property market exhibit an upward shift from the starting point to the conclusion of a four-year period beginning just before a global health crisis, despite experiencing a notable downward shift from its peak?",Yes,"[""test_000592"", ""test_001572"", ""test_001925""]",Toronto
"Among the demographic segment with right-of-center political alignment, was the magnitude of the skeptical stance toward the national monetary authority greater than both the oppositional sentiment toward the proposed digital platform restriction and the insufficient assistance perception regarding the European conflict?","Yes. The evidence shows the conservative-aligned demographic had a 48% unfavorable view of the Federal Reserve (2014), compared to 19% opposition to the TikTok ban (March 2023) and 13% who felt U.S. support for Ukraine was insufficient (November-December 2023).","[""test_001828"", ""test_001788"", ""test_001754""]",Rep/Lean Rep
"Within a maritime region where daily time allocation disparities between demographic cohorts exceed the global norm, do communities hosting foreign strategic infrastructure exhibit higher incidence of lethal interpersonal conflict compared to those maintaining indigenous governance models, and how does this pattern align with resource flows from nations renowned for hydraulic engineering systems toward health infrastructure development?","Yes. In the Pacific island region, the US territory with strategic military installations (Guam) shows a homicide rate of 4.2 per 100,000 people, significantly higher than other Pacific island nations like Fiji (2.2) and Tonga (1.0). This pattern exists alongside documented gender disparities in unpaid care work exceeding the global average of 2.5x. The Netherlands, known for its water management systems, was a consistent contributor to international health development assistance throughout the 1990-2014 period shown in the data.","[""test_001535"", ""test_001242"", ""test_000147""]",Oceania
"Among the top three contributors to global carbon compound output, does the nation with the second-largest population exhibit a time gap exceeding ten years in urban concentration metrics relative to the most populous nation in East Asia, and did this nation experience a growth trajectory in atmospheric carbon output during the period when the global aggregate reached an all-time high?",Yes,"[""test_000596"", ""test_001936"", ""test_000219""]",India
"Among nations that experienced electoral disruption and media restrictions while maintaining full political freedom during a major global assessment conducted in the early phase of a worldwide health emergency, does the proportion of residents expressing a negative perception of an international diplomatic body align with the global median, and does this nation's adult literacy rate correspond to a level achieved by a neighboring economic power more than six decades ago?","Yes, the nation has a negative perception proportion of 28% which matches the 24-country median of 28%, and its adult literacy rate of 63% was achieved by the neighboring economic power 63 years ago.","[""test_001071"", ""test_001229"", ""test_000465""]",India
"Among nations within the continental landmass south of the Isthmus of Panama that experienced parliamentary session disruption during the global health crisis, what was the long-term trajectory of carbon output from the mid-20th century to the early 2020s for the entire region?","The region exhibited a consistent upward trajectory in carbon output, with emissions showing steady growth from the mid-20th century through the early 2020s, contributing to the global six-fold increase in CO2 emissions over this period.","[""test_000552"", ""test_001535"", ""test_000596""]",South America
"Among Western European constitutional monarchies, does a pronounced endorsement of relationship equality correspond with both the assessment of stable geopolitical standing and a demographic composition where temporary visitors substantially outnumber permanent residents?","Yes, the Western European constitutional monarchy with a pronounced endorsement of relationship equality (58% strongly in favor) also has an assessment of stable geopolitical standing (44% viewing influence as unchanged) and a demographic composition where temporary visitors substantially outnumber permanent residents (2.49 tourist to local ratio).","[""test_000852"", ""test_001914"", ""test_001376""]",Spain
"Among nations in the isthmus connecting two major landmasses that served as primary sources for intercountry adoption placements to the dominant economy of the northern continent during the early 2000s, did the downward shift in placement frequency coincide with a high reliance on a non-renewable liquid fuel in the receiving nation and a downward shift in the regional tourism contribution to the global economy?","Yes, the decline in intercountry adoptions from Guatemala to the United States occurred during a period when the U.S. derived 35% of its energy from oil and North America's tourism contribution to global GDP decreased from 27% in 2000 to 25% in 2016.","[""test_001394"", ""test_000674"", ""test_001039""]",North America
"Among the nation with a very low tourist-to-resident ratio and minimal tourist presence, does its historical development trajectory, marked by having advanced beyond the current level of a major South Asian democracy by over a decade across several socioeconomic indicators, correlate with a relatively modest difference in poverty levels during the recent global health crisis?","Yes, the nation in question (China) demonstrates this correlation: it has a tourist-to-resident ratio of 0.10 with tourists comprising only 9% of local presence, had surpassed the South Asian democracy's (India) current development level by 14+ years across multiple indicators including agricultural investment, and showed only a +1 million change in poverty during the pandemic period compared to more substantial shifts in less developed nations.","[""test_001376"", ""test_000465"", ""test_001549""]",China
"In the year following the peak of the global health crisis, for a Eurasian nation experiencing severe restrictions on political rights and electoral process interference, what was the prevalence of regulatory conditions where full acquisition was not required?",57%,"[""test_001072"", ""test_000177"", ""test_000016""]",Russia
"During a North American electoral cycle marked by significant environmental incidents in a major Southeast Asian nation, did the housing markets of both a Pacific coastal innovation center and the regional financial hub exhibit parallel characteristics indicating potential for substantial valuation readjustment in subsequent periods?","Yes, the 2016 period (a North American electoral cycle) saw significant fire incidents in Indonesia (a major Southeast Asian nation), while the real estate bubble index indicated both the Pacific coastal innovation center (San Francisco, score 0.74) and the regional financial hub (Singapore, score 0.52) were in the overvalued range (0.5 to 1.5), suggesting potential for valuation readjustment.","[""test_001357"", ""test_000017"", ""test_001436""]",San Francisco County
"Among Western European nations that were significant recipients of intercountry adoptions and experienced a downward movement in adoption inflows during the late 2000s, did the concurrent rising trend in internet-based consumer transactions align with the national economic trajectory of the Mediterranean nation that exhibited the most pronounced output contraction among developed economies?","No, the Western European nation that was a significant recipient of intercountry adoptions and experienced a downward movement in adoption inflows during the late 2000s saw a rising trend in internet-based consumer transactions, while the Mediterranean nation with the most pronounced output contraction among developed economies experienced a severe economic downturn, indicating no alignment between the two trends.","[""test_000603"", ""test_001394"", ""test_001119"", ""test_000759""]",Ireland
"Among an East Asian island nation with a major economy that experienced a decline in national economic output during the global health emergency, does the relatively low adoption rate of zero-emission transportation in the year immediately preceding the crisis correlate with the minimal scale of government economic stimulus implemented during the emergency?","Yes. Japan experienced negative GDP growth (-0.5%) during the pandemic period. In 2017 (the year before the pandemic), its electric vehicle market share was 1.0%, the lowest among major economies shown. During the pandemic, its cumulative fiscal support was approximately 5% of GDP, the smallest among the US, Euro area, and Japan as depicted in the fiscal support chart.","[""test_000759"", ""test_001665"", ""test_001782""]",Japan
"Among city-states in Southeast Asia that exhibit a housing market valuation indicating moderate excess above fundamental values but not yet at bubble risk levels and maintain a visitor-to-resident ratio exceeding 2.5, what share of residents reports that their country's international standing is on an upward trajectory?",42%,"[""test_000017"", ""test_000852"", ""test_001376""]",Singapore
"Among nations exhibiting both high social trust metrics and a substantial presence in emerging technology sectors, does the level of public acceptance toward legal recognition of same-gender unions correlate with the demographic development timeline when compared to a rapidly developing East Asian economy?","Yes, the Scandinavian nation with high social trust demonstrates 92% total favor for same-gender union recognition while maintaining a modest AI startup ecosystem (appearing in the top 10 countries), and India's current crude birth rate corresponds to the East Asian nation's development stage approximately 23 years prior.","[""test_000465"", ""test_001914"", ""test_001134""]",Sweden
"Among nations with historical Ottoman influences in Central Europe, does a population's assessment of declining international standing correlate with both their diplomatic posture toward a major global diplomatic organization and the demographic transformation in domestic destinations caused by international visitors?","Yes, the Central European nation with Ottoman historical influences shows 37% of citizens perceiving declining global influence (versus 30% seeing strengthening), maintains a 50% favorable assessment of the United Nations, and experiences 84% tourist composition in domestic visitor destinations.","[""test_001867"", ""test_001228"", ""test_001045""]",Hungary
"Among regions where more than half of young children experience preventable oral health conditions relative to the country-wide benchmark, is there also a long-term downward shift in the proportion of working-age individuals participating in economic activity that is primarily attributable to the population's shift toward older age groups, and did this region experience a significant wildfire event during the autumn months of a mid-2010s year?","Yes, California matches all conditions: over half of young children have dental issues exceeding the national average, the labor force participation trend shows a long-term decline primarily due to aging, and the region experienced major wildfires in autumn 2017.","[""test_000497"", ""test_000044"", ""test_001107"", ""test_001102"", ""test_001667""]",California
